{"cameraMode":{"drawMode":0,"name":"Shaded","section":"Shading Mode"},"sceneLighting":true,"audioPlay":false,"sceneViewState":{"showFog":true,"showMaterialUpdate":true,"showSkybox":true,"showFlares":true,"showImageEffects":true,"showParticleSystems":true},"in2DMode":false,"pivot":{"x":5.592998504638672,"y":-3.3742427825927736,"z":19.42917823791504},"rotation":{"x":-0.052778709679841998,"y":0.015574819408357144,"z":-0.0008231897954829037,"w":-0.9984859228134155},"size":21.533573150634767,"orthographic":false}