{"cameraMode":{"drawMode":0,"name":"Shaded","section":"Shading Mode"},"sceneLighting":true,"audioPlay":false,"sceneViewState":{"showFog":true,"showMaterialUpdate":true,"showSkybox":true,"showFlares":true,"showImageEffects":true,"showParticleSystems":true},"in2DMode":false,"pivot":{"x":5.7683916091918949,"y":-3.547975540161133,"z":19.416208267211915},"rotation":{"x":-0.052778709679841998,"y":0.015574819408357144,"z":-0.0008231897954829037,"w":-0.9984859228134155},"size":21.23357391357422,"orthographic":false}